x,g_lower,g_upper,g_median,up_lower,up_upper,up_median,dp_lower,dp_upper,dp_median,sp_lower,sp_upper,sp_median,um_lower,um_upper,um_median,dm_lower,dm_upper,dm_median,sm_lower,sm_upper,sm_median
3.16228E-08,-0.030986542,0.026085137,-0.005977404,-0.00280725,0.003331821,0.000612986,-0.002815963,0.003326272,0.000610888,-0.002807592,0.003327753,0.000615853,-6.45393E-06,-2.24596E-07,-3.04807E-06,-9.60545E-06,1.93566E-06,-3.97111E-06,9.12262E-06,1.79765E-05,1.34202E-05
3.67838E-08,-0.030624602,0.025694196,-0.005925336,-0.002841257,0.003383037,0.00062049,-0.002850969,0.003376822,0.000618113,-0.0028438,0.003378563,0.00062368,-7.19672E-06,-2.52526E-07,-3.40283E-06,-1.07027E-05,2.14824E-06,-4.39368E-06,1.01151E-05,2.00222E-05,1.49565E-05
4.27871E-08,-0.031105215,0.026002543,-0.006034303,-0.002875649,0.003435497,0.000628048,-0.002886476,0.003428536,0.000625355,-0.002880571,0.003427714,0.000631599,-8.0246E-06,-2.9454E-07,-3.80515E-06,-1.19201E-05,2.37437E-06,-4.90006E-06,1.1214E-05,2.22998E-05,1.66304E-05
4.97702E-08,-0.031546275,0.026314251,-0.006147115,-0.002830544,0.003395913,0.000618205,-0.002842512,0.003388172,0.00061517,-0.00283833,0.003377155,0.000622121,-8.8845E-06,-3.22487E-07,-4.21171E-06,-1.31159E-05,2.59674E-06,-5.3977E-06,1.23359E-05,2.45833E-05,1.83588E-05
5.7893E-08,-0.031970193,0.026629369,-0.006263977,-0.002864752,0.003449634,0.000625637,-0.002878095,0.003438121,0.000622198,-0.002875261,0.003420763,0.000629995,-9.92289E-06,-3.52643E-07,-4.70581E-06,-1.46043E-05,2.94654E-06,-5.97571E-06,1.37613E-05,2.7327E-05,2.04283E-05
6.73415E-08,-0.032402296,0.026947953,-0.006385105,-0.002899352,0.003500059,0.000633105,-0.002914226,0.003484252,0.000629207,-0.00291279,0.003464984,0.000637953,-1.10887E-05,-3.81135E-07,-5.25755E-06,-1.63135E-05,3.3593E-06,-6.59269E-06,1.52479E-05,3.03745E-05,2.27295E-05
7.8332E-08,-0.031951292,0.026520786,-0.006341733,-0.002934349,0.003548896,0.000640601,-0.002950932,0.003531208,0.000636183,-0.002949718,0.003509821,0.000645995,-1.24138E-05,-4.11E-07,-5.87358E-06,-1.82119E-05,3.82869E-06,-7.27147E-06,1.68876E-05,3.37591E-05,2.52882E-05
9.11163E-08,-0.032389233,0.026837497,-0.006469148,-0.002969751,0.003598808,0.000648118,-0.002988237,0.003579013,0.000643109,-0.002986821,0.003555277,0.000654118,-1.3887E-05,-4.42097E-07,-6.56131E-06,-2.02868E-05,4.36235E-06,-8.07205E-06,1.87624E-05,3.76196E-05,2.81329E-05
1.05987E-07,-0.032836294,0.027157786,-0.006601444,-0.002923047,0.003551184,0.000637581,-0.002943481,0.003529199,0.000631932,-0.002946669,0.003503109,0.000644196,-1.5318E-05,-4.66427E-07,-7.26975E-06,-2.23537E-05,4.94786E-06,-8.88447E-06,2.06758E-05,4.14494E-05,3.10453E-05
1.23285E-07,-0.033292896,0.027503959,-0.006702466,-0.002958283,0.003602091,0.000644887,-0.002981063,0.003577483,0.000638481,-0.002985723,0.003548537,0.000652244,-1.70942E-05,-4.9842E-07,-8.1195E-06,-2.48491E-05,5.53649E-06,-9.86839E-06,2.29884E-05,4.60792E-05,3.45576E-05
1.43405E-07,-0.032845758,0.027120991,-0.006588327,-0.002993937,0.003654219,0.000652182,-0.003019332,0.003626675,0.000644918,-0.00302546,0.003594566,0.000660363,-1.90868E-05,-5.30682E-07,-9.06775E-06,-2.77834E-05,6.07916E-06,-1.09605E-05,2.55574E-05,5.12215E-05,3.84509E-05
1.6681E-07,-0.033310702,0.027491019,-0.006660426,-0.003030017,0.003707635,0.000659453,-0.003058328,0.003676802,0.000651214,-0.003065903,0.003641189,0.00066855,-2.13103E-05,-5.81359E-07,-1.01859E-05,-3.09471E-05,7.01763E-06,-1.21725E-05,2.84107E-05,5.70023E-05,4.28424E-05
1.94034E-07,-0.033786407,0.027867081,-0.006733368,-0.002982338,0.003661142,0.000648229,-0.003017385,0.003626887,0.000638931,-0.003022612,0.003587771,0.000658252,-2.35966E-05,-6.18489E-07,-1.12137E-05,-3.41391E-05,8.09618E-06,-1.33925E-05,3.1341E-05,6.29123E-05,4.72137E-05
2.25702E-07,-0.034273408,0.02824926,-0.006807216,-0.003018289,0.003715959,0.000655185,-0.003061588,0.003677607,0.000644637,-0.003063438,0.003634239,0.000666326,-2.62884E-05,-6.53434E-07,-1.24981E-05,-3.80399E-05,9.34735E-06,-1.48292E-05,3.49015E-05,6.99779E-05,5.23592E-05
2.62538E-07,-0.034772279,0.028637633,-0.006882041,-0.003054686,0.003772258,0.000662069,-0.003106879,0.003729318,0.000650103,-0.003105026,0.003681244,0.000674453,-2.94037E-05,-7.12598E-07,-1.38991E-05,-4.25019E-05,1.0337E-05,-1.63581E-05,3.87236E-05,7.77043E-05,5.81795E-05
3.05386E-07,-0.034333497,0.028244894,-0.00676555,-0.003091544,0.003830126,0.000668864,-0.003153321,0.003782044,0.000655288,-0.003147401,0.003728764,0.000682627,-3.28191E-05,-7.47887E-07,-1.55977E-05,-4.74356E-05,1.11756E-05,-1.80772E-05,4.29581E-05,8.63405E-05,6.46273E-05
3.55226E-07,-0.034844988,0.028635129,-0.006840524,-0.003128875,0.003882997,0.000675548,-0.003200984,0.003835812,0.000660143,-0.00319059,0.003777029,0.000690842,-3.66279E-05,-7.80121E-07,-1.74067E-05,-5.2898E-05,1.24661E-05,-1.99459E-05,4.77129E-05,9.60339E-05,7.19279E-05
4.13201E-07,-0.035370034,0.029031537,-0.006916737,-0.003079777,0.003828989,0.000663037,-0.0031559,0.003785533,0.000645643,-0.003146928,0.003723581,0.000679874,-4.07515E-05,-7.60938E-07,-1.92615E-05,-5.82741E-05,1.38715E-05,-2.20183E-05,5.2517E-05,0.000105849,7.93267E-05
4.80638E-07,-0.03590936,0.029434141,-0.006994303,-0.003117059,0.003881436,0.000669206,-0.003195179,0.003839999,0.000649465,-0.003190665,0.003775809,0.000687908,-4.55143E-05,-7.49988E-07,-2.14884E-05,-6.49671E-05,1.55479E-05,-2.46878E-05,5.83312E-05,0.000117705,8.81793E-05
5.59081E-07,-0.035487119,0.029034167,-0.006878209,-0.003154852,0.003934902,0.000675188,-0.003234821,0.003895543,0.000652783,-0.003235281,0.00382754,0.000690197,-5.07067E-05,-7.23406E-07,-2.38674E-05,-7.24242E-05,1.77053E-05,-2.747E-05,6.47804E-05,0.000130929,9.80066E-05
6.50326E-07,-0.036011502,0.02943799,-0.006956819,-0.003193174,0.003989426,0.000680953,-0.003277993,0.00395218,0.000655523,-0.003283968,0.00387998,0.000685084,-5.64833E-05,-6.03818E-07,-2.65827E-05,-8.07315E-05,2.01586E-05,-3.04965E-05,7.18783E-05,0.000145715,0.000108914
7.56463E-07,-0.036514713,0.029847763,-0.007016445,-0.00314757,0.003935493,0.000667062,-0.00323932,0.003901827,0.000638337,-0.003249218,0.003826363,0.000657135,-6.24668E-05,-5.19188E-07,-2.94766E-05,-8.92198E-05,2.28413E-05,-3.35842E-05,7.89578E-05,0.00016072,0.000119911
8.79923E-07,-0.03702924,0.030263413,-0.007051475,-0.003192095,0.003990783,0.000672076,-0.003298681,0.003959147,0.000639467,-0.003304504,0.003878704,0.000649378,-6.94501E-05,-4.354E-07,-3.27172E-05,-9.94371E-05,2.59826E-05,-3.73211E-05,8.77733E-05,0.000178824,0.000133212
1.02353E-06,-0.037555673,0.030684837,-0.007085618,-0.003237477,0.004047224,0.000676767,-0.003360577,0.00401755,0.000639747,-0.003361755,0.003931679,0.000640145,-7.74451E-05,-3.19584E-07,-3.66486E-05,-0.000110815,2.95438E-05,-4.14716E-05,9.74756E-05,0.000198944,0.000147964
1.19058E-06,-0.037066156,0.030268787,-0.006913407,-0.00327372,0.004104858,0.00068109,-0.003425212,0.004077032,0.000639062,-0.003421099,0.003985261,0.000629289,-8.63479E-05,-1.43911E-07,-4.09158E-05,-0.00012354,3.30192E-05,-4.6081E-05,0.000108166,0.0002213,0.000164321
1.38489E-06,-0.03760455,0.030689455,-0.006945206,-0.003322838,0.004177281,0.000685,-0.003492814,0.004132419,0.000637283,-0.003482671,0.004039418,0.000616648,-9.62595E-05,8.4046E-08,-4.52989E-05,-0.000137652,3.76645E-05,-5.09932E-05,0.000120009,0.000246133,0.000182455
1.61091E-06,-0.03815668,0.03111515,-0.006976749,-0.003282411,0.004126396,0.000668552,-0.00347163,0.004074726,0.000614635,-0.003460293,0.003982848,0.000581037,-0.000106377,3.95453E-07,-4.949E-05,-0.000151971,4.28493E-05,-5.5647E-05,0.000131903,0.00027126,0.000200546
1.87382E-06,-0.038759111,0.031545592,-0.007008322,-0.003332231,0.004179873,0.000671283,-0.003540676,0.004130053,0.000610063,-0.003539704,0.004036481,0.000564335,-0.000118544,7.29282E-07,-5.50397E-05,-0.000169519,4.88949E-05,-6.13514E-05,0.000146404,0.000301603,0.000222216
2.17964E-06,-0.038323251,0.031112819,-0.006836857,-0.003382988,0.004249854,0.00067344,-0.003607455,0.004183781,0.000603926,-0.003598922,0.004080684,0.000572229,-0.000132079,1.31604E-06,-6.10894E-05,-0.000188274,5.46792E-05,-6.78658E-05,0.0001619,0.000335287,0.000246178
2.53536E-06,-0.038936578,0.031539337,-0.006868803,-0.003434666,0.004321939,0.000674959,-0.00367728,0.004235982,0.000596026,-0.003656815,0.004121493,0.000590659,-0.000147131,1.90493E-06,-6.75986E-05,-0.000209484,6.08225E-05,-7.50409E-05,0.000178988,0.000372671,0.000273044
2.94915E-06,-0.039559281,0.032012584,-0.006902065,-0.003393686,0.004280004,0.000655713,-0.003653341,0.004169988,0.000566514,-0.003633812,0.004044056,0.000577993,-0.000162442,2.66711E-06,-7.40225E-05,-0.000230644,6.70269E-05,-8.33361E-05,0.000195805,0.000410378,0.000299627
3.43047E-06,-0.040051304,0.032546902,-0.006937201,-0.0034457,0.004354857,0.000655581,-0.003728596,0.004219392,0.000554295,-0.003696146,0.004111784,0.000558013,-0.00018087,3.58753E-06,-8.1842E-05,-0.00025623,7.50316E-05,-9.08313E-05,0.000216335,0.000455955,0.000332228
3.99034E-06,-0.040688579,0.033098375,-0.006974857,-0.003498501,0.00443216,0.000654599,-0.0038078,0.004267886,0.000539585,-0.003757729,0.004183244,0.000535159,-0.000201342,4.30288E-06,-9.12459E-05,-0.00028735,8.58688E-05,-9.91878E-05,0.000238943,0.000506495,0.000368294
4.64159E-06,-0.040244667,0.032826654,-0.006815224,-0.003552028,0.004512061,0.00065268,-0.003891341,0.004315212,0.000522081,-0.003824382,0.004245218,0.000559306,-0.00022334,5.51172E-06,-0.000101612,-0.000319846,9.81847E-05,-0.000109206,0.000263828,0.000562522,0.00040818
5.39912E-06,-0.040963851,0.033478138,-0.006859857,-0.003606208,0.004594726,0.000649737,-0.003979654,0.004387256,0.000501442,-0.003889901,0.004298462,0.000585766,-0.000249318,7.48547E-06,-0.000111466,-0.000355962,0.00011217,-0.000120212,0.000291208,0.000624613,0.000451607
6.28029E-06,-0.041701336,0.034152779,-0.00690967,-0.003549926,0.004557907,0.00063677,-0.003962146,0.004312188,0.000457942,-0.003859412,0.00423209,0.000587666,-0.000274849,9.45095E-06,-0.000121735,-0.000391424,0.000123306,-0.000130841,0.000317927,0.000686179,0.000494129
7.30527E-06,-0.042455451,0.034851494,-0.006965792,-0.003602421,0.004644641,0.000658732,-0.004039291,0.004354261,0.000429871,-0.003944411,0.004283018,0.000572542,-0.000304765,1.1662E-05,-0.000135825,-0.000431227,0.000135309,-0.000143966,0.000350641,0.000760494,0.000546013
8.49753E-06,-0.042013569,0.034659057,-0.006833516,-0.003655543,0.004734673,0.000682476,-0.0041202,0.00439608,0.000397426,-0.004057469,0.004349979,0.000584213,-0.000337547,1.50664E-05,-0.000149623,-0.000475915,0.000148507,-0.000158377,0.00038657,0.000842993,0.000603152
9.88438E-06,-0.042741463,0.035391438,-0.006906066,-0.00370921,0.004828233,0.000708211,-0.004210686,0.004437548,0.000360087,-0.004162372,0.00442534,0.000549105,-0.000374972,1.7703E-05,-0.000164723,-0.000532166,0.000162606,-0.000173987,0.000426008,0.000932376,0.000667409
1.14976E-05,-0.043656846,0.036085066,-0.006989356,-0.003661777,0.004803994,0.000719952,-0.004247006,0.004353049,0.000298827,-0.00418593,0.004394286,0.000490914,-0.000413465,2.01065E-05,-0.00018235,-0.000590233,0.000177721,-0.000189966,0.000464159,0.001019967,0.000728548
1.3374E-05,-0.044650171,0.03677778,-0.007085247,-0.003714634,0.004915679,0.000750013,-0.004392779,0.004392099,0.000250088,-0.004321617,0.004407498,0.000464122,-0.000459807,2.37322E-05,-0.000199712,-0.000652938,0.000203907,-0.000208252,0.000511017,0.001130458,0.000802786
1.55568E-05,-0.045744586,0.037263588,-0.00719584,-0.003759545,0.005000968,0.000782843,-0.004532301,0.004430366,0.000196755,-0.00443874,0.004479142,0.000433567,-0.000511146,2.86452E-05,-0.000222661,-0.000720397,0.000235377,-0.000228918,0.000562337,0.001252332,0.000887687
1.80957E-05,-0.045625033,0.03678755,-0.007132362,-0.003786841,0.00510914,0.000818777,-0.004679304,0.004411823,0.000131488,-0.004562546,0.004570641,0.000407898,-0.000567988,3.44555E-05,-0.000248808,-0.00080037,0.000268102,-0.000251591,0.000618501,0.001386949,0.000981944
2.1049E-05,-0.045755928,0.03755049,-0.007279521,-0.003873273,0.005222335,0.000858192,-0.004837666,0.004389226,5.99624E-05,-0.004693489,0.004634181,0.000359476,-0.00063039,4.13162E-05,-0.00027238,-0.00089088,0.000299424,-0.000276461,0.000679918,0.001531925,0.001088369
2.44844E-05,-0.046606131,0.038344129,-0.007449329,-0.003817163,0.005205589,0.000883565,-0.00489408,0.004301796,-3.7245E-05,-0.004712937,0.004521299,0.000296329,-0.000692161,4.96638E-05,-0.000294183,-0.000980864,0.000338834,-0.000300924,0.000738491,0.001672055,0.001190509
2.84804E-05,-0.047522475,0.039170062,-0.0076451,-0.003860161,0.005327617,0.000930766,-0.005076043,0.004314378,-1.39917E-05,-0.004866077,0.004535795,0.000246484,-0.000768333,5.921E-05,-0.000325627,-0.001093291,0.000382133,-0.000331237,0.00081074,0.001847495,0.001313123
3.31285E-05,-0.047292769,0.039008658,-0.007683669,-0.003916753,0.00545597,0.000982861,-0.005272995,0.004325714,-0.000119142,-0.005064022,0.004545744,0.000190419,-0.000853134,6.74511E-05,-0.000354485,-0.001216097,0.000423304,-0.000362267,0.00088964,0.00203627,0.001448679
3.85353E-05,-0.048332002,0.039884625,-0.007942268,-0.003963657,0.005595076,0.001043923,-0.005438949,0.004233447,-0.000270552,-0.005226358,0.004632003,0.000107432,-0.000946513,7.56909E-05,-0.000389658,-0.001352379,0.000483376,-0.000396239,0.000975502,0.002245719,0.001599038
4.48245E-05,-0.04942115,0.040797211,-0.00823909,-0.003905563,0.00559183,0.001173887,-0.005471388,0.004009871,-0.00045507,-0.00530261,0.004566285,-2.22758E-05,-0.001038333,8.735E-05,-0.000422935,-0.00148998,0.000533655,-0.000431768,0.001057716,0.00244882,0.001745538
5.21401E-05,-0.050563612,0.04151554,-0.008579223,-0.003934514,0.00573999,0.00129057,-0.005775377,0.00395487,-0.000595898,-0.005505845,0.004650933,-0.000141458,-0.001149487,0.000101861,-0.000463826,-0.001656024,0.000587111,-0.000474028,0.001165129,0.002697076,0.001924717
6.06496E-05,-0.051763008,0.042103678,-0.008533081,-0.003917784,0.005897037,0.001383388,-0.006064732,0.003884937,-0.000795353,-0.005700543,0.004690309,-0.000218718,-0.00127174,0.000122637,-0.000508073,-0.001841467,0.000649013,-0.000520289,0.001282702,0.002968355,0.002117619
7.0548E-05,-0.051732866,0.042216878,-0.008099835,-0.003951772,0.006047747,0.001513437,-0.006382524,0.003812606,-0.00101867,-0.005861138,0.004658631,-0.000202307,-0.00140606,0.000144836,-0.00055478,-0.002041741,0.000716934,-0.000571043,0.001405956,0.00326784,0.002326007
8.20619E-05,-0.05315873,0.043416012,-0.00878883,-0.003947725,0.006180981,0.001669343,-0.006698108,0.003692915,-0.001243141,-0.006061896,0.004690038,-0.000221069,-0.001551547,0.000170719,-0.000599129,-0.002261177,0.000794806,-0.000626789,0.001532193,0.00359332,0.002552755
9.54548E-05,-0.054640693,0.044672186,-0.00974764,-0.003812052,0.006159768,0.001677181,-0.006904201,0.003491735,-0.001527487,-0.006166287,0.004624505,-0.000300494,-0.001687522,0.0002081,-0.000635688,-0.002478381,0.000888925,-0.000683852,0.001645854,0.00389067,0.002761743
0.000111034,-0.055800236,0.044949892,-0.009525164,-0.003805881,0.006362224,0.001689175,-0.007295044,0.003367029,-0.00174909,-0.006494813,0.004602376,-0.000354401,-0.00185421,0.000249587,-0.000695126,-0.002742196,0.001001125,-0.000751111,0.001789344,0.004267848,0.0030317
0.000129155,-0.055912991,0.043909597,-0.009334723,-0.003895116,0.006599472,0.001761026,-0.007666241,0.003185964,-0.002085309,-0.006753154,0.004654647,-0.000522723,-0.002035368,0.000294802,-0.000761502,-0.003032705,0.001126605,-0.000822694,0.001965498,0.004688389,0.003319508
0.000150234,-0.057480253,0.045203976,-0.009313485,-0.003876761,0.006805021,0.00190022,-0.008053897,0.003010905,-0.00236703,-0.007032401,0.004582176,-0.000659964,-0.002231895,0.000345786,-0.000838297,-0.003352378,0.001258089,-0.000901339,0.002139067,0.005138187,0.003631658
0.000174753,-0.05913326,0.046807011,-0.010158592,-0.003651609,0.006917097,0.001977282,-0.008307805,0.00269378,-0.002665598,-0.007132238,0.004291839,-0.000827029,-0.002413252,0.000396631,-0.000890374,-0.003663158,0.001369885,-0.000994166,0.002299969,0.00557462,0.003920212
0.000203274,-0.061031598,0.04853949,-0.010236487,-0.003650865,0.007084341,0.002034453,-0.008718949,0.002504742,-0.003051747,-0.007344318,0.004279268,-0.000947584,-0.002633301,0.000456075,-0.000957017,-0.004036968,0.001511984,-0.00108227,0.002495611,0.006101354,0.004280322
0.000236449,-0.062470147,0.049730328,-0.009889619,-0.003561272,0.007330472,0.002098871,-0.009229433,0.002269844,-0.003503621,-0.007633445,0.00437006,-0.001133806,-0.002869572,0.000524478,-0.00102574,-0.004463593,0.001654536,-0.001181991,0.002704257,0.006678002,0.004662194
0.000275039,-0.061716608,0.050282632,-0.009098178,-0.003488075,0.007581568,0.002171824,-0.009785269,0.001909218,-0.003888849,-0.008072299,0.004282218,-0.001357942,-0.003122542,0.000602215,-0.001108041,-0.004925829,0.001863218,-0.001301497,0.002922797,0.007316704,0.005071442
0.000319927,-0.062630141,0.051533029,-0.009454153,-0.003396527,0.00785202,0.002430926,-0.010318239,0.001498184,-0.004320787,-0.00835317,0.00449125,-0.001614422,-0.003392538,0.000700756,-0.001197866,-0.005475341,0.002008374,-0.001434611,0.003138784,0.00799608,0.005536728
0.000372141,-0.06347045,0.053986701,-0.009131034,-0.003288388,0.007969705,0.002741028,-0.010753948,0.000965826,-0.004783173,-0.00853127,0.00438948,-0.001915419,-0.003627815,0.000814403,-0.001260974,-0.006039557,0.002217248,-0.001560434,0.00332623,0.008632907,0.005936742
0.000432876,-0.064961153,0.05585771,-0.008308012,-0.003218508,0.008240807,0.003007571,-0.011560535,0.000434211,-0.00536014,-0.008831668,0.004421536,-0.002191446,-0.003926226,0.000945627,-0.001333264,-0.006684755,0.002488377,-0.001719708,0.003560057,0.009439749,0.006443253
0.000503524,-0.064481414,0.055948648,-0.008164425,-0.003007984,0.008511307,0.003433159,-0.012453024,-0.000104773,-0.006149569,-0.009261102,0.004349775,-0.002689821,-0.004240635,0.00109699,-0.001409364,-0.007354156,0.002665832,-0.001900364,0.003806568,0.01026776,0.007004972
0.000585702,-0.06609518,0.057548306,-0.008229547,-0.002734263,0.008922544,0.003690921,-0.013196405,-0.000760391,-0.006904594,-0.009685314,0.004470347,-0.002875478,-0.004570165,0.001271457,-0.001482108,-0.008085461,0.002848291,-0.002139678,0.004105093,0.01112996,0.007604236
0.000681292,-0.066586766,0.059321277,-0.007461682,-0.002302517,0.009293302,0.004009513,-0.01370072,-0.00160665,-0.007680284,-0.009881938,0.004297068,-0.002970473,-0.004835178,0.001470959,-0.001504948,-0.008782031,0.00301214,-0.002333277,0.00428941,0.011888609,0.008112525
0.000792483,-0.067710323,0.060397196,-0.007697822,-0.001897021,0.009719314,0.004456138,-0.014807837,-0.002351706,-0.008532298,-0.01058172,0.004475726,-0.003054558,-0.005197838,0.001701757,-0.001558366,-0.009640653,0.003381166,-0.00250938,0.004613167,0.012879098,0.008750025
0.000921821,-0.068005959,0.062364997,-0.007323941,-0.001483318,0.010236517,0.004933716,-0.015852945,-0.003238354,-0.009547813,-0.011140279,0.004457002,-0.003564643,-0.005583424,0.001969071,-0.001613957,-0.010575244,0.00370278,-0.002692443,0.004869421,0.013927995,0.009419643
0.001072267,-0.066929875,0.062124849,-0.00730572,-0.001041164,0.010865729,0.005404207,-0.01692504,-0.004234285,-0.010568511,-0.011864377,0.004452786,-0.00388563,-0.005979609,0.002305492,-0.001664441,-0.011634351,0.003938841,-0.002902947,0.0051713,0.015069287,0.010103212
0.001247267,-0.069188676,0.063282792,-0.00555956,-0.000707017,0.011315676,0.00595458,-0.01814515,-0.005350165,-0.011805302,-0.012240761,0.004687673,-0.004177951,-0.006339615,0.0026945,-0.001673654,-0.012851009,0.004347523,-0.003195143,0.00537747,0.016292719,0.010819507
0.001450829,-0.069417242,0.064481642,-0.005163221,-1.80817E-05,0.011801785,0.006530166,-0.019429111,-0.006552269,-0.013121461,-0.012720291,0.005027821,-0.004195675,-0.006630042,0.003095237,-0.001587959,-0.013811213,0.004715854,-0.003475809,0.00534834,0.017222348,0.011355525
0.001687612,-0.071004582,0.066447411,-0.006021753,0.000699151,0.012571949,0.00726029,-0.02103512,-0.00777396,-0.01468756,-0.013496222,0.005422542,-0.004451676,-0.006998883,0.003578044,-0.001540037,-0.014995888,0.005031887,-0.003814812,0.005619683,0.01843503,0.012043653
0.001963041,-0.071270881,0.06641513,-0.005812775,0.001400304,0.01351154,0.007851406,-0.022700435,-0.009136269,-0.01642223,-0.014275923,0.005781656,-0.004691067,-0.007423686,0.004120307,-0.001452439,-0.016238485,0.005529034,-0.004194288,0.005942766,0.01971567,0.012813026
0.00228342,-0.072798657,0.067154157,-0.005644463,0.0021348,0.014578132,0.008795651,-0.024670971,-0.010651821,-0.018049306,-0.015048598,0.006144811,-0.00464089,-0.007835935,0.004821277,-0.001295339,-0.01755451,0.006090044,-0.004608326,0.006112521,0.021176845,0.01353763
0.002656088,-0.075384765,0.067894864,-0.00572271,0.003321368,0.015316775,0.009836933,-0.0263773,-0.012228495,-0.019989052,-0.015621416,0.006178529,-0.004740081,-0.007934183,0.005558599,-0.001025311,-0.018642899,0.006367478,-0.004956073,0.006148304,0.022020228,0.014107323
0.003089577,-0.075952217,0.071558541,-0.005880551,0.004370717,0.016451513,0.011037554,-0.028806405,-0.014055504,-0.021843607,-0.016422189,0.006762623,-0.005057525,-0.008249089,0.006437651,-0.000698488,-0.02023604,0.007047533,-0.00543513,0.006053273,0.023288113,0.014747131
0.003593814,-0.077876236,0.071156326,-0.006019094,0.005582762,0.018068549,0.012356574,-0.031359483,-0.015853199,-0.024165081,-0.017515855,0.007430288,-0.005342016,-0.00858112,0.007413395,-0.000378732,-0.022100504,0.007544332,-0.005681332,0.006063961,0.024454516,0.015364702
0.004180345,-0.077491751,0.070407725,-0.008134767,0.006902482,0.019688108,0.013791647,-0.034205429,-0.017877463,-0.026655468,-0.018309087,0.008375686,-0.005529182,-0.008817907,0.008531329,0.000104655,-0.024138648,0.008215314,-0.006124034,0.005799897,0.025645152,0.015832068
0.004862602,-0.079243542,0.070541897,-0.008477519,0.008401556,0.021507864,0.015424464,-0.037087405,-0.020301262,-0.029208197,-0.01897225,0.009155477,-0.005668516,-0.008800586,0.009763905,0.000664693,-0.025913789,0.008724532,-0.006624326,0.005386267,0.026882109,0.016338608
0.005656206,-0.081097615,0.073393277,-0.009470221,0.010108429,0.023329609,0.017254774,-0.039692696,-0.02271337,-0.03146737,-0.019694123,0.009633698,-0.005313897,-0.008424932,0.011187652,0.001437018,-0.02709433,0.00916277,-0.007101827,0.004510156,0.027388877,0.016311199
0.006579332,-0.081665597,0.073574073,-0.011268369,0.01221975,0.025585119,0.019216911,-0.043123418,-0.025207516,-0.03452135,-0.020638971,0.010955072,-0.005199664,-0.008146675,0.012838006,0.002295408,-0.029190415,0.0096546,-0.007959238,0.003950222,0.028444318,0.016356586
0.007653118,-0.081530201,0.0712988,-0.008239494,0.014418059,0.028121892,0.021479595,-0.046664595,-0.028206012,-0.037596101,-0.020959237,0.01233211,-0.005236847,-0.008078864,0.014717687,0.003306734,-0.03122889,0.01004369,-0.008549011,0.003026806,0.028864116,0.016168414
0.008902151,-0.085012709,0.072687367,-0.005645463,0.017063187,0.030994111,0.024288697,-0.050212067,-0.031355264,-0.040804168,-0.021773301,0.013792018,-0.004439942,-0.007635608,0.016946479,0.004735151,-0.033913833,0.010807362,-0.009299366,0.001930131,0.029384766,0.015602249
0.010355034,-0.090150608,0.073815421,-0.002073165,0.019630664,0.033804669,0.027118706,-0.05308022,-0.033917979,-0.043738931,-0.021346992,0.015202856,-0.003697695,-0.006458273,0.019373343,0.006629773,-0.035716715,0.011220879,-0.010053583,-2.77765E-05,0.028592027,0.014138085
0.012045035,-0.093728149,0.076967955,-0.001375599,0.022597267,0.037248735,0.030394543,-0.057279946,-0.036931132,-0.047349656,-0.0211866,0.016772099,-0.002347469,-0.005076211,0.022050115,0.008748691,-0.038098329,0.011471849,-0.01074504,-0.001629833,0.028298086,0.012821912
0.014010855,-0.096366625,0.076264282,-0.00148132,0.025937808,0.041262634,0.033979331,-0.061880388,-0.040343681,-0.051248522,-0.021159823,0.01940117,-0.00165764,-0.003327815,0.025065853,0.011100035,-0.040735964,0.012244367,-0.01162732,-0.004555719,0.027200615,0.011146833
0.016297508,-0.096458467,0.076474758,-0.001787534,0.029357618,0.045969419,0.037989854,-0.0667945,-0.044053552,-0.055319409,-0.021035481,0.022710385,-0.000201161,-0.001042537,0.028576566,0.013831153,-0.042909738,0.013262983,-0.012840249,-0.007510703,0.026149124,0.009090293
0.018957357,-0.101241987,0.084450681,-0.002808607,0.033620408,0.050943979,0.042843423,-0.071041283,-0.047587101,-0.059580622,-0.020492414,0.025987445,0.001713526,0.001177084,0.032664216,0.017138572,-0.045873011,0.013659463,-0.014521148,-0.011436446,0.023958679,0.006135432
0.022051307,-0.110735813,0.088843995,-0.002200233,0.037882605,0.055165299,0.047557944,-0.074603348,-0.050507783,-0.062925355,-0.018615977,0.029051601,0.004215987,0.004881349,0.037528244,0.021213133,-0.046828473,0.014438144,-0.015012897,-0.017195395,0.019379381,0.00148307
0.025650209,-0.120380695,0.097136475,-0.001192407,0.043041694,0.061494401,0.052865525,-0.079229071,-0.054885985,-0.067511564,-0.018395281,0.03231617,0.00687351,0.008409999,0.042642022,0.025873938,-0.048955775,0.01616756,-0.016262946,-0.023012417,0.015458754,-0.003158101
0.029836472,-0.132870953,0.106139502,-0.003510877,0.048630636,0.067891185,0.059058791,-0.084564022,-0.059131953,-0.071958657,-0.016437194,0.037315481,0.009468157,0.012861874,0.048527496,0.030712621,-0.051544106,0.016475108,-0.017228423,-0.029633452,0.010135181,-0.009209353
0.034705958,-0.144599299,0.111652118,-0.002221829,0.054809066,0.075043957,0.065658905,-0.089187922,-0.063731633,-0.076649393,-0.013100605,0.042318351,0.013480268,0.01869401,0.055558616,0.036698681,-0.05398354,0.017405153,-0.018436047,-0.038280414,0.004058494,-0.016112347
0.040370173,-0.157568271,0.121682378,-0.000789097,0.061225664,0.082312662,0.072603576,-0.092375023,-0.067273429,-0.079995008,-0.009928606,0.048343768,0.01838016,0.025203119,0.063365142,0.043539698,-0.05591671,0.016959921,-0.018817254,-0.049014333,-0.004317203,-0.025571951
0.04695882,-0.185893387,0.138595708,-0.002909189,0.069767483,0.091613905,0.080920384,-0.096930271,-0.070775003,-0.084144137,-0.005924273,0.0556089,0.024974741,0.032268459,0.071740525,0.051267639,-0.059413519,0.017331206,-0.020383202,-0.060887675,-0.012055962,-0.036362322
0.054622772,-0.208299079,0.152921595,-0.006687118,0.078829466,0.101472199,0.089648458,-0.101191628,-0.074285864,-0.088814742,-0.001173593,0.063418586,0.0314167,0.040900051,0.082234191,0.060228383,-0.063953944,0.017315964,-0.022521898,-0.072640759,-0.021661535,-0.048573891
0.063537526,-0.221339516,0.177160182,-0.010254962,0.087674196,0.111875093,0.100096323,-0.105736564,-0.077511502,-0.092762264,0.003380255,0.072317599,0.038511252,0.049297179,0.092909198,0.070761745,-0.069469105,0.020327379,-0.023239387,-0.088948167,-0.034094272,-0.062406695
0.07390722,-0.258190245,0.194418675,-0.010709888,0.095856391,0.122165118,0.110313208,-0.107801768,-0.077184531,-0.093772645,0.004535916,0.084008074,0.046684107,0.060147108,0.105694846,0.081670598,-0.073494702,0.024693592,-0.024771179,-0.108488828,-0.048219838,-0.079454735
0.085969309,-0.294044852,0.232073545,-0.019784684,0.106735344,0.134159339,0.121836213,-0.112309804,-0.078847781,-0.096697007,0.010703876,0.098977141,0.05541644,0.070138831,0.119969542,0.094347831,-0.075886582,0.028440438,-0.025084379,-0.131184682,-0.062699339,-0.098019429
0.1,-0.341249869,0.290586043,-0.023219718,0.119082246,0.147773579,0.133945769,-0.116347396,-0.079592978,-0.099390407,0.01626518,0.115707754,0.066512879,0.080044189,0.135116982,0.10826013,-0.081714061,0.035257988,-0.027436049,-0.155372297,-0.078735799,-0.117600893
